{
  "model": "DualBranch-VIT+CSP+Riemann",
  "backbone": "vit_tiny_patch16_224",
  "fusion": "concat",
  "strategy": "within_subject",
  "mean_accuracy": 71.67574107683001,
  "std_accuracy": 16.35765445573882,
  "mean_kappa": 0.4342820036058,
  "mean_f1": 0.7078885285856166,
  "n_folds": 45,
  "per_subject": {
    "1": 79.18330308529946,
    "2": 52.75257108287961,
    "3": 92.00846944948577,
    "4": 64.94252873563218,
    "5": 51.38535995160314,
    "6": 55.52329098608591,
    "7": 69.06231094978826,
    "8": 95.48699334543255,
    "9": 84.73684210526315
  }
}