{
  "model": "DualBranch-VIT-Transfer-transfer",
  "backbone": "vit_tiny_patch16_224",
  "condition": "transfer",
  "strategy": "within_subject",
  "mean_accuracy": 75.50648652282047,
  "std_accuracy": 15.095093881226639,
  "mean_kappa": 0.5101257344080546,
  "mean_f1": 0.7526413776755031,
  "n_folds": 45,
  "per_subject": {
    "1": 78.85057471264368,
    "2": 52.7828191167574,
    "3": 94.77313974591652,
    "4": 68.77797943133696,
    "5": 61.12522686025409,
    "6": 62.468239564428316,
    "7": 79.1470054446461,
    "8": 96.18874773139746,
    "9": 85.44464609800363
  }
}