{
  "model": "DualBranch-VIT-Transfer-scratch",
  "backbone": "vit_tiny_patch16_224",
  "condition": "scratch",
  "strategy": "within_subject",
  "mean_accuracy": 72.57108287961283,
  "std_accuracy": 16.567149540192528,
  "mean_kappa": 0.45132230258904493,
  "mean_f1": 0.7011077664958527,
  "n_folds": 45,
  "per_subject": {
    "1": 78.85662431941924,
    "2": 51.3611615245009,
    "3": 93.04295220810647,
    "4": 61.46400483968542,
    "5": 58.01572897761646,
    "6": 56.27344222625529,
    "7": 74.94857834240774,
    "8": 97.2292800967937,
    "9": 81.9479733817302
  }
}