{
  "model": "Riemannian+LDA",
  "within_subject": {
    "mean_accuracy": 62.24238757814074,
    "std_accuracy": 7.757744777173352,
    "mean_kappa": 0.2446235658339392,
    "mean_f1": 0.6198692448161767,
    "n_folds": 45
  },
  "loso": {
    "mean_accuracy": 62.15277777777778,
    "std_accuracy": 9.147180466888535,
    "mean_kappa": 0.24305555555555555,
    "mean_f1": 0.5897688235140693,
    "n_folds": 9,
    "per_subject": {
      "1": 65.27777777777779,
      "2": 53.47222222222222,
      "3": 75.69444444444444,
      "4": 59.02777777777778,
      "5": 50.0,
      "6": 58.68055555555556,
      "7": 53.125,
      "8": 76.38888888888889,
      "9": 67.70833333333334
    }
  }
}