{
  "model": "CSP+LDA",
  "within_subject": {
    "mean_accuracy": 77.01418296699605,
    "std_accuracy": 14.244967598394142,
    "mean_kappa": 0.5403232549685472,
    "mean_f1": 0.7688077215877951,
    "n_folds": 45
  },
  "loso": {
    "mean_accuracy": 60.802469135802475,
    "std_accuracy": 10.836998386399493,
    "mean_kappa": 0.2160493827160494,
    "mean_f1": 0.5676341127171293,
    "n_folds": 9,
    "per_subject": {
      "1": 56.25,
      "2": 54.166666666666664,
      "3": 70.13888888888889,
      "4": 68.40277777777779,
      "5": 51.388888888888886,
      "6": 50.34722222222222,
      "7": 49.30555555555556,
      "8": 83.33333333333334,
      "9": 63.888888888888886
    }
  }
}