{
  "model": "DualBranch-VIT+CSP+Riemann",
  "backbone": "vit_tiny_patch16_224",
  "fusion": "gated",
  "strategy": "within_subject",
  "mean_accuracy": 72.84936479128858,
  "std_accuracy": 16.81881401081419,
  "mean_kappa": 0.45696742999872775,
  "mean_f1": 0.7206634062547421,
  "n_folds": 45,
  "per_subject": {
    "1": 78.83242589231699,
    "2": 52.75257108287961,
    "3": 93.38777979431336,
    "4": 67.02964307320023,
    "5": 62.516636418632785,
    "6": 52.444041137326074,
    "7": 70.16938898971566,
    "8": 96.8723532970357,
    "9": 81.63944343617665
  }
}