{
  "model": "CWT+VIT",
  "backbone": "vit_tiny_patch16_224",
  "within_subject": {
    "mean_accuracy": 51.76514082140217,
    "std_accuracy": 6.023790973621392,
    "mean_kappa": 0.03681663846227719,
    "mean_f1": 0.48842851832872736,
    "n_folds": 45,
    "per_subject": {
      "1": 49.98790078644888,
      "2": 50.32667876588022,
      "3": 53.83545069570478,
      "4": 53.79915305505142,
      "5": 51.04658197217181,
      "6": 44.11373260738052,
      "7": 49.95160314579552,
      "8": 52.770719903206285,
      "9": 60.05444646098003
    }
  }
}