{
  "model": "DualBranch-VIT+CSP+Riemann",
  "backbone": "vit_tiny_patch16_224",
  "fusion": "attention",
  "strategy": "loso",
  "mean_accuracy": 62.808641975308646,
  "std_accuracy": 11.67599160292602,
  "mean_kappa": 0.25617283950617287,
  "mean_f1": 0.6039198961573273,
  "n_folds": 9,
  "per_subject": {
    "1": 71.18055555555556,
    "2": 51.388888888888886,
    "3": 83.33333333333334,
    "4": 57.291666666666664,
    "5": 52.77777777777778,
    "6": 60.416666666666664,
    "7": 45.48611111111111,
    "8": 73.95833333333334,
    "9": 69.44444444444444
  }
}