{
  "model": "CWT+ViT-Tiny (PhysioNet pretrained)",
  "backbone": "vit_tiny_patch16_224",
  "within_subject": {
    "mean_accuracy": 55.907777105599244,
    "std_accuracy": 8.109750095399743,
    "mean_kappa": 0.1183031428367508,
    "mean_f1": 0.5476562569475513,
    "n_folds": 45,
    "per_subject": {
      "1": 55.57168784029038,
      "2": 51.02238354506957,
      "3": 62.49243799153055,
      "4": 51.42770719903206,
      "5": 54.53115547489413,
      "6": 50.66545674531155,
      "7": 53.79915305505142,
      "8": 57.32607380520267,
      "9": 66.33393829401089
    }
  }
}