{
  "model": "CSP+LDA",
  "within_subject": {
    "mean_accuracy": 79.1732204073402,
    "std_accuracy": 14.41379326707773,
    "mean_kappa": 0.5834776201867836,
    "mean_f1": 0.7902822452682906,
    "n_folds": 45
  },
  "loso": {
    "mean_accuracy": 65.77932098765433,
    "std_accuracy": 10.73848444620998,
    "mean_kappa": 0.31558641975308643,
    "mean_f1": 0.6346046535259762,
    "n_folds": 9,
    "per_subject": {
      "1": 65.625,
      "2": 55.208333333333336,
      "3": 74.65277777777779,
      "4": 67.01388888888889,
      "5": 55.208333333333336,
      "6": 53.81944444444444,
      "7": 61.111111111111114,
      "8": 89.23611111111111,
      "9": 70.13888888888889
    }
  }
}