{
  "model": "DualBranch-ViT+CSP+Riemann",
  "fusion": "attention",
  "strategy": "within_subject",
  "mean_accuracy": 61.111111111111114,
  "std_accuracy": 2.777777777777775,
  "mean_kappa": 0.2222222222222222,
  "mean_f1": 0.5447741596638656,
  "n_folds": 2,
  "per_subject": {
    "1": 61.111111111111114
  }
}