{
  "baselines": {
    "csp_lda": {
      "model": "Baseline A: CSP+LDA",
      "within_acc": 79.32098765432099,
      "within_std": 12.529020572276728,
      "within_kappa": 0.5864197530864197,
      "within_f1": 0.7925480125513392,
      "loso_acc": 65.77932098765433,
      "loso_std": 10.842765450049443,
      "loso_kappa": 0.31558641975308643,
      "loso_f1": 0.6354406823838683,
      "loso_per_subject": {
        "1": 65.97222222222221,
        "2": 55.208333333333336,
        "3": 74.65277777777779,
        "4": 67.36111111111111,
        "5": 55.208333333333336,
        "6": 53.47222222222222,
        "7": 61.111111111111114,
        "8": 89.58333333333334,
        "9": 69.44444444444444
      }
    },
    "riemannian": {
      "model": "Baseline B: Riemannian+LDA",
      "within_acc": 61.65087047119714,
      "within_std": 9.409083089913091,
      "within_kappa": 0.2331410567713716,
      "within_f1": 0.6144452568212435,
      "loso_acc": 63.8503086419753,
      "loso_std": 11.138137997261015,
      "loso_kappa": 0.2770061728395062,
      "loso_f1": 0.6021601565161422,
      "loso_per_subject": {
        "1": 77.77777777777779,
        "2": 50.69444444444444,
        "3": 80.90277777777779,
        "4": 53.125,
        "5": 50.34722222222222,
        "6": 60.06944444444444,
        "7": 59.375,
        "8": 74.30555555555556,
        "9": 68.05555555555556
      }
    },
    "vit_only": {
      "model": "Baseline C: CWT+ViT-Tiny",
      "within_acc": 52.578476843449614,
      "within_std": 8.104883159799977,
      "within_kappa": 0.05173127435941686,
      "within_f1": 0.5086496631160176,
      "loso_acc": null,
      "loso_std": null,
      "loso_kappa": null,
      "loso_f1": null,
      "loso_per_subject": {}
    }
  },
  "dual_branch": {
    "attention": {
      "model": "DualBranch-ViT+CSP+Riemann [attention]",
      "strategy": "within_subject",
      "within_acc": 100.0,
      "within_std": 0.0,
      "within_kappa": 1.0,
      "within_f1": 1.0,
      "loso_acc": null,
      "loso_std": null,
      "loso_kappa": null,
      "loso_f1": null,
      "per_subject": {
        "1": 100.0
      }
    },
    "concat": {
      "model": "DualBranch-ViT+CSP+Riemann [concat]",
      "strategy": "within_subject",
      "within_acc": 100.0,
      "within_std": 0.0,
      "within_kappa": 1.0,
      "within_f1": 1.0,
      "loso_acc": null,
      "loso_std": null,
      "loso_kappa": null,
      "loso_f1": null,
      "per_subject": {
        "1": 100.0
      }
    },
    "gated": {
      "model": "DualBranch-ViT+CSP+Riemann [gated]",
      "strategy": "within_subject",
      "within_acc": 100.0,
      "within_std": 0.0,
      "within_kappa": 1.0,
      "within_f1": 1.0,
      "loso_acc": null,
      "loso_std": null,
      "loso_kappa": null,
      "loso_f1": null,
      "per_subject": {
        "1": 100.0
      }
    }
  },
  "transfer_learning": {
    "scratch": {
      "model": "Transfer: Scratch",
      "condition": "scratch",
      "within_acc": 83.7962962962963,
      "within_std": 22.92251141329098,
      "within_kappa": 0.6759259259259259,
      "within_f1": 0.7877099634846113,
      "per_subject": {
        "1": 100.0,
        "2": 68.05555555555556,
        "3": 83.33333333333333
      }
    },
    "imagenet": {
      "model": "Transfer: ImageNet",
      "condition": "imagenet",
      "within_acc": 100.0,
      "within_std": 0.0,
      "within_kappa": 1.0,
      "within_f1": 1.0,
      "per_subject": {
        "1": 100.0,
        "2": 100.0,
        "3": 100.0
      }
    },
    "transfer": {
      "model": "Transfer: EEG-Pretrained",
      "condition": "transfer",
      "within_acc": 100.0,
      "within_std": 0.0,
      "within_kappa": 1.0,
      "within_f1": 1.0,
      "per_subject": {
        "1": 100.0,
        "2": 100.0,
        "3": 100.0
      }
    }
  },
  "reduced_data": {
    "fractions": [
      0.1,
      0.25,
      0.5,
      0.75,
      1.0
    ],
    "results": {
      "scratch": {
        "0.10": {
          "fraction_pct": 10,
          "mean_accuracy": 52.0833,
          "std_accuracy": 5.0077,
          "n_runs": 8
        },
        "0.25": {
          "fraction_pct": 25,
          "mean_accuracy": 51.2153,
          "std_accuracy": 2.7285,
          "n_runs": 8
        },
        "0.50": {
          "fraction_pct": 50,
          "mean_accuracy": 50.0,
          "std_accuracy": 0.0,
          "n_runs": 8
        },
        "0.75": {
          "fraction_pct": 75,
          "mean_accuracy": 64.7569,
          "std_accuracy": 19.5056,
          "n_runs": 8
        },
        "1.00": {
          "fraction_pct": 100,
          "mean_accuracy": 56.25,
          "std_accuracy": 16.5359,
          "n_runs": 8
        }
      },
      "transfer": {
        "0.10": {
          "fraction_pct": 10,
          "mean_accuracy": 52.7778,
          "std_accuracy": 4.2808,
          "n_runs": 8
        },
        "0.25": {
          "fraction_pct": 25,
          "mean_accuracy": 51.7361,
          "std_accuracy": 2.6671,
          "n_runs": 8
        },
        "0.50": {
          "fraction_pct": 50,
          "mean_accuracy": 51.5625,
          "std_accuracy": 2.1334,
          "n_runs": 8
        },
        "0.75": {
          "fraction_pct": 75,
          "mean_accuracy": 63.0208,
          "std_accuracy": 14.5658,
          "n_runs": 8
        },
        "1.00": {
          "fraction_pct": 100,
          "mean_accuracy": 74.1319,
          "std_accuracy": 24.1457,
          "n_runs": 8
        }
      }
    }
  }
}