{
  "model": "CSP+LDA",
  "within_subject": {
    "mean_accuracy": 79.32098765432099,
    "std_accuracy": 12.529020572276728,
    "mean_kappa": 0.5864197530864197,
    "mean_f1": 0.7925480125513392,
    "n_folds": 18
  },
  "loso": {
    "mean_accuracy": 65.77932098765433,
    "std_accuracy": 10.842765450049443,
    "mean_kappa": 0.31558641975308643,
    "mean_f1": 0.6354406823838683,
    "n_folds": 9,
    "per_subject": {
      "1": 65.97222222222221,
      "2": 55.208333333333336,
      "3": 74.65277777777779,
      "4": 67.36111111111111,
      "5": 55.208333333333336,
      "6": 53.47222222222222,
      "7": 61.111111111111114,
      "8": 89.58333333333334,
      "9": 69.44444444444444
    }
  }
}