{
  "model": "Riemannian+LDA",
  "within_subject": {
    "mean_accuracy": 61.65087047119714,
    "std_accuracy": 9.409083089913091,
    "mean_kappa": 0.2331410567713716,
    "mean_f1": 0.6144452568212435,
    "n_folds": 45
  },
  "loso": {
    "mean_accuracy": 63.8503086419753,
    "std_accuracy": 11.138137997261015,
    "mean_kappa": 0.2770061728395062,
    "mean_f1": 0.6021601565161422,
    "n_folds": 9,
    "per_subject": {
      "1": 77.77777777777779,
      "2": 50.69444444444444,
      "3": 80.90277777777779,
      "4": 53.125,
      "5": 50.34722222222222,
      "6": 60.06944444444444,
      "7": 59.375,
      "8": 74.30555555555556,
      "9": 68.05555555555556
    }
  }
}