{
  "model": "DualBranch-VIT+CSP+Riemann",
  "backbone": "vit_tiny_patch16_224",
  "fusion": "attention",
  "strategy": "loso",
  "mean_accuracy": 67.93981481481482,
  "std_accuracy": 12.768254972705193,
  "mean_kappa": 0.3587962962962963,
  "mean_f1": 0.6633400159244709,
  "n_folds": 9,
  "per_subject": {
    "1": 78.47222222222221,
    "2": 51.736111111111114,
    "3": 85.76388888888889,
    "4": 67.01388888888889,
    "5": 58.333333333333336,
    "6": 61.111111111111114,
    "7": 52.083333333333336,
    "8": 87.5,
    "9": 69.44444444444444
  }
}