{
  "model": "DualBranch-VIT+CSP+Riemann",
  "backbone": "vit_tiny_patch16_224",
  "fusion": "attention",
  "strategy": "within_subject",
  "mean_accuracy": 73.18545405659744,
  "std_accuracy": 15.322854548376554,
  "mean_kappa": 0.4643154681718391,
  "mean_f1": 0.7046955663107586,
  "n_folds": 45,
  "per_subject": {
    "1": 81.93587416817907,
    "2": 55.178463399879014,
    "3": 92.01451905626132,
    "4": 57.61040532365397,
    "5": 69.45553539019963,
    "6": 55.565638233514825,
    "7": 71.53055051421657,
    "8": 90.98608590441623,
    "9": 84.39201451905626
  }
}