{
  "model": "Riemannian+LDA",
  "within_subject": {
    "mean_accuracy": 79.74860522954896,
    "std_accuracy": 12.120827676474436,
    "mean_kappa": 0.5949084385541465,
    "mean_f1": 0.796729970585984,
    "n_folds": 45
  },
  "loso": {
    "mean_accuracy": 64.31327160493828,
    "std_accuracy": 9.997719456843816,
    "mean_kappa": 0.2862654320987654,
    "mean_f1": 0.6093913310518846,
    "n_folds": 9,
    "per_subject": {
      "1": 77.08333333333334,
      "2": 52.083333333333336,
      "3": 79.86111111111111,
      "4": 55.208333333333336,
      "5": 50.69444444444444,
      "6": 63.541666666666664,
      "7": 61.458333333333336,
      "8": 72.22222222222221,
      "9": 66.66666666666666
    }
  }
}