{
  "model": "CWT+ViT-Tiny (PhysioNet pretrained)",
  "backbone": "vit_tiny_patch16_224",
  "within_subject": {
    "mean_accuracy": 50.587484035759886,
    "std_accuracy": 6.9226949913334845,
    "mean_kappa": 0.011886998527038211,
    "mean_f1": 0.4998707955134175,
    "n_folds": 45,
    "per_subject": {
      "1": 47.54990925589836,
      "2": 48.26981246218996,
      "3": 50.00604960677556,
      "4": 47.924984875983064,
      "5": 55.565638233514825,
      "6": 51.40350877192982,
      "7": 51.75438596491229,
      "8": 47.58015728977616,
      "9": 55.232909860859046
    }
  }
}