{
  "model": "Riemannian+LDA",
  "within_subject": {
    "mean_accuracy": 62.42051488875447,
    "std_accuracy": 9.38525060364753,
    "mean_kappa": 0.24863297296646497,
    "mean_f1": 0.6225970973214003,
    "n_folds": 45
  },
  "loso": {
    "mean_accuracy": 63.73456790123458,
    "std_accuracy": 11.445010856706762,
    "mean_kappa": 0.27469135802469136,
    "mean_f1": 0.6012892402261537,
    "n_folds": 9,
    "per_subject": {
      "1": 77.77777777777779,
      "2": 50.69444444444444,
      "3": 81.94444444444444,
      "4": 53.125,
      "5": 50.34722222222222,
      "6": 58.333333333333336,
      "7": 58.68055555555556,
      "8": 74.30555555555556,
      "9": 68.40277777777779
    }
  }
}