{
  "model": "DualBranch-VIT+CSP+Riemann",
  "backbone": "vit_tiny_patch16_224",
  "fusion": "gated",
  "strategy": "within_subject",
  "mean_accuracy": 67.59360086038849,
  "std_accuracy": 12.93270818633619,
  "mean_kappa": 0.3513135995171751,
  "mean_f1": 0.6575600444491639,
  "n_folds": 45,
  "per_subject": {
    "1": 68.4271022383545,
    "2": 54.84573502722323,
    "3": 81.88747731397459,
    "4": 52.40169388989716,
    "5": 67.7253478523896,
    "6": 53.82940108892922,
    "7": 69.83061101028434,
    "8": 77.816091954023,
    "9": 81.57894736842104
  }
}