{
  "model": "CSP+LDA",
  "within_subject": {
    "mean_accuracy": 78.97828863346103,
    "std_accuracy": 14.807596042325937,
    "mean_kappa": 0.5795846995663487,
    "mean_f1": 0.7880524300592593,
    "n_folds": 45
  },
  "loso": {
    "mean_accuracy": 65.74074074074073,
    "std_accuracy": 10.758287072798382,
    "mean_kappa": 0.31481481481481477,
    "mean_f1": 0.6350488957171817,
    "n_folds": 9,
    "per_subject": {
      "1": 65.97222222222221,
      "2": 55.208333333333336,
      "3": 74.65277777777779,
      "4": 67.36111111111111,
      "5": 55.208333333333336,
      "6": 53.47222222222222,
      "7": 61.111111111111114,
      "8": 89.23611111111111,
      "9": 69.44444444444444
    }
  }
}