{
  "model": "CWT+VIT",
  "backbone": "vit_tiny_patch16_224",
  "within_subject": {
    "mean_accuracy": 52.15567654769107,
    "std_accuracy": 6.574037164803875,
    "mean_kappa": 0.04318068548300617,
    "mean_f1": 0.5030009103327352,
    "n_folds": 45,
    "per_subject": {
      "1": 47.24137931034482,
      "2": 50.707803992740466,
      "3": 60.07864488808228,
      "4": 51.02843315184513,
      "5": 51.34301270417423,
      "6": 46.854204476709015,
      "7": 48.26376285541439,
      "8": 55.541439806412576,
      "9": 58.34240774349668
    }
  }
}